{
  "envs": [
    "ts1",
    "ts2",
    "ts3",
    "stg",
    "prod"
  ],
  "configs": [
    {
      "env": "dev",
      "templateParams": {
        "HCC_CLUSTER_NAME": "hcc-elr-prd-usr001-0.optum.com",
        "APP_NAMESPACE": "payment-engine-03",
        "PRM_CLUSTER": "https://prm.optum.com",
        "HCC_K8S_CRED_ID": "payment-engine-03-elr-id",
        "K8S_DEPLOY": "./deployment_k8s.yaml",
        "K8S_SVC": "./application_svc.yaml",
        "K8S_NET_POL": "./application-network-policy.yaml",
        "K8S_DNS": "./application-dns.yaml",
        "K8S_DNS_HOST": "hcck8s-elr.optum.com",
        "DOCKER_IMAGE": "docker.repo1.uhc.com/pe/ncpsftp-dev",
        "DOCKER_IMAGE_TAG": "latest",
        "ENV": "dev",
        "ENV_VAR": "dev",
        "JAVA_OPTS": "-Xms512m -Xmx2048m -XX:MaxMetaspaceSize=128m -XX:CompressedClassSpaceSize=128m -XX:MaxDirectMemorySize=1024m -Djdk.nio.maxCachedBufferSize=262144",
        "PROJECT_NAME": "payment-engine-ctc",
        "VOLUME_NAME": "common-storages",
        "APPLICATION_NAME": "ncpsftp",
        "PORT": 8080,
        "CPU_DEFAULT": "125m",
        "CPU_MAX": "1000m",
        "MEMORY_DEFAULT": "1Gi",
        "MEMORY_MAX": "3Gi",
        "LOG_MOUNT": "/common-storages",
        "PROTOCOL": "tcp",
        "OPENSHIFT_URL": "https://ocp-ctc-core-nonprod.optum.com",
        "OPENSHIFT_CRENDENTIAL": "OSO_CTC_NONPROD",
        "DATA_CENTER": "alpha1",
        "REPLICAS_COUNT": "1",
        "TZ": "America/Chicago",
        "SPRING_PROFILES_ACTIVE": "dev"
      }
    },
    {
      "env": "ts1",
      "templateParams": {
        "HCC_CLUSTER_NAME": "hcc-elr-prd-usr001-0.optum.com",
        "APP_NAMESPACE": "payment-engine-03",
        "PRM_CLUSTER": "https://prm.optum.com",
        "HCC_K8S_CRED_ID": "payment-engine-03-elr-id",
        "K8S_DEPLOY": "./deployment_k8s.yaml",
        "K8S_SVC": "./application_svc.yaml",
        "K8S_NET_POL": "./application-network-policy.yaml",
        "K8S_DNS": "./application-dns.yaml",
        "K8S_DNS_HOST": "hcck8s-elr.optum.com",
        "DOCKER_IMAGE": "docker.repo1.uhc.com/pe/ncpsftp-ts1",
        "DOCKER_IMAGE_TAG": "latest",
        "ENV": "ts1",
        "ENV_VAR": "ts1",
        "JAVA_OPTS": "-Xms512m -Xmx7168m -XX:+UseG1GC",
        "PROJECT_NAME": "payment-engine-ctc",
        "VOLUME_NAME": "common-storages",
        "APPLICATION_NAME": "ncpsftp",
        "PORT": 8080,
        "CPU_DEFAULT": "125m",
        "CPU_MAX": "1500m",
        "MEMORY_DEFAULT": "1Gi",
        "MEMORY_MAX": "8Gi",
        "LOG_MOUNT": "/common-storages",
        "PROTOCOL": "tcp",
        "OPENSHIFT_URL": "https://ocp-ctc-core-nonprod.optum.com",
        "OPENSHIFT_CRENDENTIAL": "OSO_CTC_NONPROD",
        "DATA_CENTER": "alpha1",
        "REPLICAS_COUNT": "1",
        "TZ": "America/Chicago",
        "SPRING_PROFILES_ACTIVE": "ts1"
      }
    },
    {
      "env": "ts2",
      "templateParams": {
        "HCC_CLUSTER_NAME": "hcc-elr-prd-usr001-0.optum.com",
        "APP_NAMESPACE": "payment-engine-03",
        "PRM_CLUSTER": "https://prm.optum.com",
        "HCC_K8S_CRED_ID": "payment-engine-03-elr-id",
        "K8S_DEPLOY": "./deployment_k8s.yaml",
        "K8S_SVC": "./application_svc.yaml",
        "K8S_NET_POL": "./application-network-policy.yaml",
        "K8S_DNS": "./application-dns.yaml",
        "K8S_DNS_HOST": "hcck8s-elr.optum.com",
        "DOCKER_IMAGE": "docker.repo1.uhc.com/pe/ncpsftp-ts2",
        "DOCKER_IMAGE_TAG": "latest",
        "ENV": "ts2",
        "ENV_VAR": "ts2",
        "JAVA_OPTS": "-Xms512m -Xmx2048m -XX:MaxMetaspaceSize=128m -XX:CompressedClassSpaceSize=128m -XX:MaxDirectMemorySize=1024m -Djdk.nio.maxCachedBufferSize=262144",
        "PROJECT_NAME": "payment-engine-ctc",
        "VOLUME_NAME": "common-storages",
        "APPLICATION_NAME": "ncpsftp",
        "PORT": 8080,
        "CPU_DEFAULT": "125m",
        "CPU_MAX": "1000m",
        "MEMORY_DEFAULT": "1Gi",
        "MEMORY_MAX": "3Gi",
        "LOG_MOUNT": "/common-storages",
        "PROTOCOL": "tcp",
        "OPENSHIFT_URL": "https://ocp-ctc-core-nonprod.optum.com",
        "OPENSHIFT_CRENDENTIAL": "OSO_CTC_NONPROD",
        "DATA_CENTER": "alpha1",
        "REPLICAS_COUNT": "1",
        "TZ": "America/Chicago",
        "SPRING_PROFILES_ACTIVE": "ts2"
      }
    },
    {
      "env": "ts3",
      "templateParams": {
        "HCC_CLUSTER_NAME": "hcc-elr-prd-usr001-0.optum.com",
        "APP_NAMESPACE": "payment-engine-03",
        "PRM_CLUSTER": "https://prm.optum.com",
        "HCC_K8S_CRED_ID": "payment-engine-03-elr-id",
        "K8S_DEPLOY": "./deployment_k8s.yaml",
        "K8S_SVC": "./application_svc.yaml",
        "K8S_NET_POL": "./application-network-policy.yaml",
        "K8S_DNS": "./application-dns.yaml",
        "K8S_DNS_HOST": "hcck8s-elr.optum.com",
        "DOCKER_IMAGE": "docker.repo1.uhc.com/pe/ncpsftp-ts3",
        "DOCKER_IMAGE_TAG": "latest",
        "ENV": "ts3",
        "ENV_VAR": "ts3",
        "JAVA_OPTS": "-Xms512m -Xmx2048m -XX:MaxMetaspaceSize=128m -XX:CompressedClassSpaceSize=128m -XX:MaxDirectMemorySize=1024m -Djdk.nio.maxCachedBufferSize=262144",
        "PROJECT_NAME": "payment-engine-test1-ctc",
        "VOLUME_NAME": "common-storages",
        "APPLICATION_NAME": "ncpsftp",
        "PORT": 8080,
        "CPU_DEFAULT": "125m",
        "CPU_MAX": "1000m",
        "MEMORY_DEFAULT": "1Gi",
        "MEMORY_MAX": "3Gi",
        "LOG_MOUNT": "/common-storages",
        "PROTOCOL": "tcp",
        "OPENSHIFT_URL": "https://ocp-ctc-core-nonprod.optum.com",
        "OPENSHIFT_CRENDENTIAL": "OSO_CTC_NONPROD",
        "DATA_CENTER": "alpha1",
        "REPLICAS_COUNT": "1",
        "TZ": "America/Chicago",
        "SPRING_PROFILES_ACTIVE": "ts3"
      }
    },
    {
      "env": "bfx",
      "templateParams": {
        "DOCKER_IMAGE": "docker.repo1.uhc.com/pe/ncpsftp-bfx",
        "DOCKER_IMAGE_TAG": "latest",
        "ENV": "bfx",
        "ENV_VAR": "bfx",
        "JAVA_OPTS": "-Xms512m -Xmx2048m -XX:MaxMetaspaceSize=128m -XX:CompressedClassSpaceSize=128m -XX:MaxDirectMemorySize=1024m -Djdk.nio.maxCachedBufferSize=262144",
        "PROJECT_NAME": "payment-engine-bf-elr",
        "VOLUME_NAME": "common-storages",
        "APPLICATION_NAME": "ncpsftp",
        "PORT": 8080,
        "CPU_DEFAULT": "125m",
        "CPU_MAX": "1000m",
        "MEMORY_DEFAULT": "1Gi",
        "MEMORY_MAX": "3Gi",
        "LOG_MOUNT": "/common-storages",
        "PROTOCOL": "tcp",
        "OPENSHIFT_URL": "https://origin-elr-core-nonprod.optum.com",
        "OPENSHIFT_CRENDENTIAL": "OSO_ELR_NONPROD",
        "DATA_CENTER": "alpha1",
        "REPLICAS_COUNT": "1",
        "TZ": "America/Chicago",
        "SPRING_PROFILES_ACTIVE": "bfx"
      }
    },
    {
      "env": "stg",
      "templateParams": {
        "HCC_CLUSTER_NAME": "hcc-ctc-prd-usr001-0.optum.com",
        "APP_NAMESPACE": "payment-engine-stg-02",
        "PRM_CLUSTER": "https://prm.optum.com",
        "HCC_K8S_CRED_ID": "payment-engine-stg-ctc-id",
        "K8S_DEPLOY": "./deployment_k8s.yaml",
        "K8S_SVC": "./application_svc.yaml",
        "K8S_NET_POL": "./application-network-policy.yaml",
        "K8S_DNS": "./application-dns.yaml",
        "K8S_DNS_HOST": "hcck8s-ctc.optum.com",
        "DOCKER_IMAGE": "docker.repo1.uhc.com/pe/ncpsftp-stg",
        "DOCKER_IMAGE_TAG": "latest",
        "ENV": "stg",
        "ENV_VAR": "stg",
        "JAVA_OPTS": "-Xms512m -Xmx2048m -XX:MaxMetaspaceSize=128m -XX:CompressedClassSpaceSize=128m -XX:MaxDirectMemorySize=1024m -Djdk.nio.maxCachedBufferSize=262144",
        "PROJECT_NAME": "payment-engine-stg2-ctc",
        "VOLUME_NAME": "common-storages",
        "APPLICATION_NAME": "ncpsftp",
        "PORT": 8080,
        "CPU_DEFAULT": "125m",
        "CPU_MAX": "1000m",
        "MEMORY_DEFAULT": "1Gi",
        "MEMORY_MAX": "3Gi",
        "LOG_MOUNT": "/common-storages",
        "PROTOCOL": "tcp",
        "OPENSHIFT_URL": "https://origin-ctc-core.optum.com",
        "OPENSHIFT_CRENDENTIAL": "OSO_CTC_NONPROD",
        "DATA_CENTER": "alpha1",
        "REPLICAS_COUNT": "1",
        "TZ": "America/Chicago",
        "SPRING_PROFILES_ACTIVE": "stg"
      }
    },
    {
      "env": "stg2",
      "templateParams": {
        "HCC_CLUSTER_NAME": "ctcprdusr001",
        "APP_NAMESPACE": "payment-engine-stg-02",
        "PRM_CLUSTER": "https://prm.optum.com",
        "HCC_K8S_CRED_ID": "payment-engine-stg-ctc-id",
        "K8S_DEPLOY": "./deployment_k8s.yaml",
        "K8S_SVC": "./application_svc.yaml",
        "K8S_NET_POL": "./application-network-policy.yaml",
        "K8S_DNS": "./application-dns.yaml",
        "DOCKER_IMAGE": "docker.repo1.uhc.com/pe/ncpsftp-stg2",
        "DOCKER_IMAGE_TAG": "latest",
        "ENV": "stg2",
        "ENV_VAR": "stg2",
        "JAVA_OPTS": "-Xms512m -Xmx2048m -XX:MaxMetaspaceSize=128m -XX:CompressedClassSpaceSize=128m -XX:MaxDirectMemorySize=1024m -Djdk.nio.maxCachedBufferSize=262144",
        "PROJECT_NAME": "payment-engine-stg2-ctc",
        "VOLUME_NAME": "common-storages",
        "APPLICATION_NAME": "ncpsftp",
        "PORT": 8080,
        "CPU_DEFAULT": "60m",
        "CPU_MAX": "1000m",
        "MEMORY_DEFAULT": "1Gi",
        "MEMORY_MAX": "3Gi",
        "LOG_MOUNT": "/common-storages",
        "PROTOCOL": "tcp",
        "OPENSHIFT_URL": "https://ocp-ctc-core-stg.optum.com",
        "OPENSHIFT_CRENDENTIAL": "Openshift_PE_Core_Nonprod",
        "DATA_CENTER": "alpha1",
        "REPLICAS_COUNT": "1",
        "TZ": "America/Chicago",
        "SPRING_PROFILES_ACTIVE": "stg2"
      }
    },
    {
      "env": "dr",
      "templateParams": {
        "DOCKER_IMAGE": "docker.repo1.uhc.com/pe/ncpsftp-dr",
        "DOCKER_IMAGE_TAG": "latest",
        "ENV": "dr",
        "ENV_VAR": "dr",
        "JAVA_OPTS": "-Xms512m -Xmx2048m -XX:MaxMetaspaceSize=128m -XX:CompressedClassSpaceSize=128m -XX:MaxDirectMemorySize=1024m -Djdk.nio.maxCachedBufferSize=262144",
        "PROJECT_NAME": "payment-engine-stg2-ctc",
        "VOLUME_NAME": "common-storages",
        "APPLICATION_NAME": "ncpsftp",
        "PORT": 8080,
        "CPU_DEFAULT": "125m",
        "CPU_MAX": "1000m",
        "MEMORY_DEFAULT": "1Gi",
        "MEMORY_MAX": "3Gi",
        "LOG_MOUNT": "/common-storages",
        "PROTOCOL": "tcp",
        "OPENSHIFT_URL": "https://origin-ctc-core.optum.com",
        "OPENSHIFT_CRENDENTIAL": "Openshift_PE_Core_Nonprod",
        "DATA_CENTER": "alpha1",
        "REPLICAS_COUNT": "1",
        "TZ": "America/Chicago",
        "SPRING_PROFILES_ACTIVE": "dr"
      }
    },
    {
      "env": "prod",
      "templateParams": {
        "HCC_CLUSTER_NAME": "hcc-ctc-prd-usr001-0.optum.com",
        "APP_NAMESPACE": "payment-engine-prd-01",
        "PRM_CLUSTER": "https://prm.optum.com",
        "HCC_K8S_CRED_ID": "payment-engine-prd-01-id",
        "K8S_DEPLOY": "./deployment_k8s.yaml",
        "K8S_SVC": "./application_svc.yaml",
        "K8S_NET_POL": "./application-network-policy.yaml",
        "K8S_DNS": "./application-dns.yaml",
        "K8S_DNS_HOST": "hcck8s-ctc.optum.com",
        "DOCKER_IMAGE": "docker.repo1.uhc.com/pe/ncpsftp-prod",
        "DOCKER_IMAGE_TAG": "latest",
        "ENV": "prod",
        "ENV_VAR": "prod",
        "JAVA_OPTS": "-Xms512m -Xmx2048m -XX:MaxMetaspaceSize=128m -XX:CompressedClassSpaceSize=128m -XX:MaxDirectMemorySize=1024m -Djdk.nio.maxCachedBufferSize=262144",
        "PROJECT_NAME": "payment-engine-prod2-elr",
        "VOLUME_NAME": "common-storages",
        "APPLICATION_NAME": "ncpsftp",
        "PORT": 8080,
        "CPU_DEFAULT": "125m",
        "CPU_MAX": "1500m",
        "MEMORY_DEFAULT": "1Gi",
        "MEMORY_MAX": "8Gi",
        "LOG_MOUNT": "/common-storages",
        "PROTOCOL": "tcp",
        "OPENSHIFT_URL": "https://origin-elr-core.optum.com",
        "OPENSHIFT_CRENDENTIAL": "OSO_CTC_NONPROD",
        "DATA_CENTER": "alpha1",
        "REPLICAS_COUNT": "1",
        "TZ": "America/Chicago",
        "SPRING_PROFILES_ACTIVE": "prod"
      }
    },
    {
      "env": "prod2",
      "templateParams": {
        "DOCKER_IMAGE": "docker.repo1.uhc.com/pe/ncpsftp-prod2",
        "DOCKER_IMAGE_TAG": "latest",
        "ENV": "prod2",
        "ENV_VAR": "prod2",
        "JAVA_OPTS": "-Xms512m -Xmx2048m -XX:MaxMetaspaceSize=128m -XX:CompressedClassSpaceSize=128m -XX:MaxDirectMemorySize=1024m -Djdk.nio.maxCachedBufferSize=262144",
        "PROJECT_NAME": "payment-engine-prod2-elr",
        "VOLUME_NAME": "common-storages",
        "APPLICATION_NAME": "ncpsftp",
        "PORT": 8080,
        "CPU_DEFAULT": "60m",
        "CPU_MAX": "1000m",
        "MEMORY_DEFAULT": "1Gi",
        "MEMORY_MAX": "3Gi",
        "LOG_MOUNT": "/common-storages",
        "PROTOCOL": "tcp",
        "OPENSHIFT_URL": "https://origin-elr-core.optum.com",
        "OPENSHIFT_CRENDENTIAL": "OSO_CTC_NONPROD",
        "DATA_CENTER": "alpha1",
        "REPLICAS_COUNT": "1",
        "TZ": "America/Chicago",
        "SPRING_PROFILES_ACTIVE": "prod2"
      }
    }
  ]
}
