{
  "envs": [
    "dev",
    "ts1",
    "ts2",
    "ts3",
    "stg",
    "pr1"
  ],
  "configs": [
    {
      "env": "dev",
      "templateParams": {
        "DOCKER_IMAGE": "docker.repo1.uhc.com/pe/pe-services-pe-consolidation-dev",
        "DOCKER_IMAGE_TAG": "latest",
        "ENV": "dev",
        "ENV_VAR": "dev",
        "JAVA_OPTS": "-Xms512m -Xmx3584m -XX:+UseG1GC",
        "PROJECT_NAME": "payment-engine2-elr",
        "VOLUME_NAME": "sftp-inbox-ts1",
        "APPLICATION_NAME": "pe-services-pe-consolidation",
        "PORT": 8080,
        "CPU_DEFAULT": "60m",
        "CPU_MAX": "2000m",
        "MEMORY_DEFAULT": "64Mi",
        "MEMORY_MAX": "4Gi",
        "LOG_MOUNT": "/sftp-inbox-ts1",
        "PROTOCOL": "tcp",
        "OPENSHIFT_URL": "https://ocp-elr-core-nonprod.optum.com/",
        "OPENSHIFT_CRENDENTIAL": "OSO_CTC_NONPROD",
        "DATA_CENTER": "alpha1",
        "REPLICAS_COUNT": "1",
        "TZ": "America/Chicago",
        "SPRING_PROFILES_ACTIVE": "dev",
        "SPLUNK_URL": "https://npe-dmz-hec-splunk.optum.com",
        "SPLUNK_TOKEN": "e8e3a7c8-d29c-4974-8af8-19c0501c3938",
        "LOG_PATH": "/sftp-inbox-ts1/dev/fsmodel/consolidation/log/"
      }
    },
    {
      "env": "ts1",
      "templateParams": {
        "DOCKER_IMAGE": "docker.repo1.uhc.com/pe/pe-services-pe-consolidation-ts1",
        "DOCKER_IMAGE_TAG": "latest",
        "ENV": "ts1",
        "ENV_VAR": "ts1",
        "JAVA_OPTS": "-Xms512m -Xmx3072m -XX:+UseG1GC",
        "PROJECT_NAME": "payment-engine2-elr",
        "VOLUME_NAME": "sftp-inbox-ts1",
        "APPLICATION_NAME": "pe-services-pe-consolidation",
        "PORT": 8080,
        "CPU_DEFAULT": "60m",
        "CPU_MAX": "2000m",
        "MEMORY_DEFAULT": "64Mi",
        "MEMORY_MAX": "4Gi",
        "LOG_MOUNT": "/sftp-inbox-ts1",
        "PROTOCOL": "tcp",
        "OPENSHIFT_URL": "https://ocp-elr-core-nonprod.optum.com/",
        "OPENSHIFT_CRENDENTIAL": "OSO_CTC_NONPROD",
        "DATA_CENTER": "alpha1",
        "REPLICAS_COUNT": "1",
        "TZ": "America/Chicago",
        "SPRING_PROFILES_ACTIVE": "ts1",
        "SPLUNK_URL": "https://npe-dmz-hec-splunk.optum.com",
        "SPLUNK_TOKEN": "e8e3a7c8-d29c-4974-8af8-19c0501c3938",
        "LOG_PATH": "/sftp-inbox-ts1/ts1/fsmodel/consolidation/log/"
      }
    },
    {
      "env": "ts2",
      "templateParams": {
        "DOCKER_IMAGE": "docker.repo1.uhc.com/pe/pe-services-pe-consolidation-ts2",
        "DOCKER_IMAGE_TAG": "latest",
        "ENV": "ts2",
        "ENV_VAR": "ts2",
        "JAVA_OPTS": "-Xms512m -Xmx3072m -XX:+UseG1GC",
        "PROJECT_NAME": "payment-engine4-elr",
        "VOLUME_NAME": "sftp-inbox",
        "APPLICATION_NAME": "pe-services-pe-consolidation",
        "PORT": 8080,
        "CPU_DEFAULT": "60m",
        "CPU_MAX": "2000m",
        "MEMORY_DEFAULT": "64Mi",
        "MEMORY_MAX": "4Gi",
        "LOG_MOUNT": "/sftp-inbox",
        "PROTOCOL": "tcp",
        "OPENSHIFT_URL": "https://ocp-elr-core-nonprod.optum.com/",
        "OPENSHIFT_CRENDENTIAL": "OSO_CTC_NONPROD",
        "DATA_CENTER": "alpha1",
        "REPLICAS_COUNT": "1",
        "TZ": "America/Chicago",
        "SPRING_PROFILES_ACTIVE": "ts2",
        "SPLUNK_URL": "https://npe-dmz-hec-splunk.optum.com",
        "SPLUNK_TOKEN": "e8e3a7c8-d29c-4974-8af8-19c0501c3938",
        "LOG_PATH": "/sftp-inbox/ts2/fsmodel/consolidation/log/"
      }
    },
    {
      "env": "ts3",
      "templateParams": {
        "DOCKER_IMAGE": "docker.repo1.uhc.com/pe/pe-services-pe-consolidation-ts3",
        "DOCKER_IMAGE_TAG": "latest",
        "ENV": "ts3",
        "ENV_VAR": "ts3",
        "JAVA_OPTS": "-Xms512m -Xmx4096m -XX:MaxMetaspaceSize=128m -XX:CompressedClassSpaceSize=128m -XX:MaxDirectMemorySize=1024m -Djdk.nio.maxCachedBufferSize=262144",
        "PROJECT_NAME": "payment-engine-test1-ctc",
        "VOLUME_NAME": "sftp-inbox-ts3",
        "APPLICATION_NAME": "pe-services-pe-consolidation",
        "PORT": 8080,
        "CPU_DEFAULT": "60m",
        "CPU_MAX": "2000m",
        "MEMORY_DEFAULT": "64Mi",
        "MEMORY_MAX": "4Gi",
        "LOG_MOUNT": "/sftp-inbox-ts3",
        "PROTOCOL": "tcp",
        "OPENSHIFT_URL": "https://ocp-ctc-core-nonprod.optum.com",
        "OPENSHIFT_CRENDENTIAL": "OSO_CTC_NONPROD",
        "DATA_CENTER": "alpha1",
        "REPLICAS_COUNT": "1",
        "TZ": "America/Chicago",
        "SPRING_PROFILES_ACTIVE": "ts3",
        "SPLUNK_URL": "https://npe-dmz-hec-splunk.optum.com",
        "SPLUNK_TOKEN": "e8e3a7c8-d29c-4974-8af8-19c0501c3938",
        "LOG_PATH": "/common-storages/ts3/claim_consolidated/log/"
      }
    },
    {
      "env": "stg",
      "templateParams": {
        "DOCKER_IMAGE": "docker.repo1.uhc.com/pe/pe-services-pe-consolidation-stg",
        "DOCKER_IMAGE_TAG": "latest",
        "ENV": "stg",
        "ENV_VAR": "stg",
        "JAVA_OPTS": "-Xms512m -Xmx4096m -XX:MaxMetaspaceSize=128m -XX:CompressedClassSpaceSize=128m -XX:MaxDirectMemorySize=1024m -Djdk.nio.maxCachedBufferSize=262144",
        "PROJECT_NAME": "payment-engine-stg2-ctc",
        "VOLUME_NAME": "sftp-inbox-stg",
        "APPLICATION_NAME": "pe-services-pe-consolidation",
        "PORT": 8080,
        "CPU_DEFAULT": "512m",
        "CPU_MAX": "1000m",
        "MEMORY_DEFAULT": "1Gi",
        "MEMORY_MAX": "3Gi",
        "LOG_MOUNT": "/sftp-inbox-stg",
        "PROTOCOL": "tcp",
        "OPENSHIFT_URL": "https://origin-ctc-core.optum.com",
        "OPENSHIFT_CRENDENTIAL": "Openshift_PE_Core_Nonprod",
        "DATA_CENTER": "alpha1",
        "REPLICAS_COUNT": "1",
        "TZ": "America/Chicago",
        "SPRING_PROFILES_ACTIVE": "stg",
        "SPLUNK_URL": "https://npe-dmz-hec-splunk.optum.com",
        "SPLUNK_TOKEN": "e8e3a7c8-d29c-4974-8af8-19c0501c3938",
        "LOG_PATH": "/common-storages/stg/claim_consolidated/log/"
      }
    },
    {
      "env": "pr1",
      "templateParams": {
        "DOCKER_IMAGE": "docker.repo1.uhc.com/pe/pe-services-pe-consolidation-pr1",
        "DOCKER_IMAGE_TAG": "latest",
        "ENV": "pr1",
        "ENV_VAR": "pr1",
        "JAVA_OPTS": "-Xms512m -Xmx3072m -XX:+UseG1GC",
        "PROJECT_NAME": "payment-engine-prd2-ctc",
        "VOLUME_NAME": "common-storages",
        "APPLICATION_NAME": "pe-services-pe-consolidation",
        "PORT": 8080,
        "CPU_DEFAULT": "60m",
        "CPU_MAX": "2000m",
        "MEMORY_DEFAULT": "64Mi",
        "MEMORY_MAX": "4Gi",
        "LOG_MOUNT": "/common-storages",
        "PROTOCOL": "tcp",
        "OPENSHIFT_URL": "https://ocp-ctc-core.optum.com/",
        "OPENSHIFT_CRENDENTIAL": "OSO_CTC_NONPROD",
        "DATA_CENTER": "alpha1",
        "REPLICAS_COUNT": "1",
        "TZ": "America/Chicago",
        "SPRING_PROFILES_ACTIVE": "pr1",
        "SPLUNK_URL": "https://phi-dmz-hec-splunk.optum.com",
        "SPLUNK_TOKEN": "2656beac-c217-497e-8d27-0894323030e1",
        "LOG_PATH": "/common-storages/pr1/fsmodel/consolidation/log/"
      }
    }
  ]
}
