{
  "envs": [
    "dev",
    "ts1",
    "stg",
    "prod"
  ],
  "configs": [
    {
      "env": "dev",
      "templateParams": {
        "DOCKER_IMAGE": "docker.repo1.uhc.com/pe/pe-services-re-origination-api-dev",
        "DOCKER_IMAGE_TAG": "latest",
        "ENV": "dev",
        "ENV_VAR": "dev",
        "JAVA_OPTS": "-Xms512m -XX:+UseG1GC",
        "PROJECT_NAME": "payment-engine2-elr",
        "VOLUME_NAME": "sftp-inbox-ts1",
        "APPLICATION_NAME": "pe-services-re-origination-api",
        "PORT": 8080,
        "CPU_DEFAULT": "60m",
        "CPU_MAX": "1000m",
        "MEMORY_DEFAULT": "1Gi",
        "MEMORY_MAX": "2Gi",
        "LOG_MOUNT": "/sftp-inbox-ts1",
        "PROTOCOL": "tcp",
        "OPENSHIFT_URL": "https://ocp-elr-core-nonprod.optum.com/",
        "OPENSHIFT_CRENDENTIAL": "OSO_CTC_NONPROD",
        "DATA_CENTER": "alpha1",
        "REPLICAS_COUNT": "1",
        "TZ": "America/Chicago",
        "SPRING_PROFILES_ACTIVE": "dev",
        "SPLUNK_URL": "https://npe-dmz-hec-splunk.optum.com",
        "SPLUNK_TOKEN": "e8e3a7c8-d29c-4974-8af8-19c0501c3938",
        "LOG_PATH": "/sftp-inbox-ts1/dev/re-origination/log/",
        "APM_URL": "https://eapm-nonprod.uhc.com:443",
        "APM_ENV_TAG": "Core-dev"
      }
    },
    {
      "env": "ts1",
      "templateParams": {
        "DOCKER_IMAGE": "docker.repo1.uhc.com/pe/pe-services-re-origination-api-ts1",
        "DOCKER_IMAGE_TAG": "latest",
        "ENV": "ts1",
        "ENV_VAR": "ts1",
        "JAVA_OPTS": "-Xms512m -XX:+UseG1GC",
        "PROJECT_NAME": "payment-engine2-elr",
        "VOLUME_NAME": "sftp-inbox-ts1",
        "APPLICATION_NAME": "pe-services-re-origination-api",
        "PORT": 8080,
        "CPU_DEFAULT": "512m",
        "CPU_MAX": "1000m",
        "MEMORY_DEFAULT": "1Gi",
        "MEMORY_MAX": "2Gi",
        "LOG_MOUNT": "/sftp-inbox-ts1",
        "PROTOCOL": "tcp",
        "OPENSHIFT_URL": "https://ocp-elr-core-nonprod.optum.com/",
        "OPENSHIFT_CRENDENTIAL": "OSO_CTC_NONPROD",
        "DATA_CENTER": "alpha1",
        "REPLICAS_COUNT": "1",
        "TZ": "America/Chicago",
        "SPRING_PROFILES_ACTIVE": "ts1",
        "SPLUNK_URL": "https://npe-dmz-hec-splunk.optum.com",
        "SPLUNK_TOKEN": "e8e3a7c8-d29c-4974-8af8-19c0501c3938",
        "LOG_PATH": "/sftp-inbox-ts1/ts1/re-origination/log/"
      }
    },
    {
      "env": "stg",
      "templateParams": {
        "DOCKER_IMAGE": "docker.repo1.uhc.com/pe/pe-services-re-origination-api-stg",
        "DOCKER_IMAGE_TAG": "latest",
        "ENV": "stg",
        "ENV_VAR": "stg",
        "JAVA_OPTS": "-Xms512m -XX:MaxMetaspaceSize=128m -XX:CompressedClassSpaceSize=128m -XX:MaxDirectMemorySize=1024m -Djdk.nio.maxCachedBufferSize=262144",
        "PROJECT_NAME": "payment-engine-stg2-ctc",
        "VOLUME_NAME": "sftp-inbox",
        "APPLICATION_NAME": "pe-services-re-origination-api",
        "PORT": 8080,
        "CPU_DEFAULT": "512m",
        "CPU_MAX": "1000m",
        "MEMORY_DEFAULT": "1Gi",
        "MEMORY_MAX": "2Gi",
        "LOG_MOUNT": "/sftp-inbox",
        "PROTOCOL": "tcp",
        "OPENSHIFT_URL": "https://origin-ctc-core.optum.com",
        "OPENSHIFT_CRENDENTIAL": "Openshift_PE_Core_Nonprod",
        "DATA_CENTER": "alpha1",
        "REPLICAS_COUNT": "1",
        "TZ": "America/Chicago",
        "SPRING_PROFILES_ACTIVE": "stg",
        "SPLUNK_URL": "https://npe-dmz-hec-splunk.optum.com",
        "SPLUNK_TOKEN": "e8e3a7c8-d29c-4974-8af8-19c0501c3938",
        "LOG_PATH": "/sftp-inbox/stg/re-origination/log/"       
      }
    },
    {
      "env": "prod",
      "templateParams": {
        "DOCKER_IMAGE": "docker.repo1.uhc.com/pe/pe-services-re-origination-api-prod",
        "DOCKER_IMAGE_TAG": "latest",
        "ENV": "prod",
        "ENV_VAR": "prod",
        "JAVA_OPTS": "-Xms512m -XX:+UseG1GC",
        "PROJECT_NAME": "payment-engine-prod2-elr",
        "VOLUME_NAME": "common-storages",
        "APPLICATION_NAME": "pe-services-re-origination-api",
        "PORT": 8080,
        "CPU_DEFAULT": "60m",
        "CPU_MAX": "1000m",
        "MEMORY_DEFAULT": "1Gi",
        "MEMORY_MAX": "3Gi",
        "LOG_MOUNT": "/common-storages",
        "PROTOCOL": "tcp",
        "OPENSHIFT_URL": "https://origin-elr-core.optum.com",
        "OPENSHIFT_CRENDENTIAL": "OSO_CTC_NONPROD",
        "DATA_CENTER": "alpha1",
        "REPLICAS_COUNT": "1",
        "TZ": "America/Chicago",
        "SPRING_PROFILES_ACTIVE": "prod",
        "SPLUNK_URL": "https://phi-dmz-hec-splunk.optum.com",
        "SPLUNK_TOKEN": "2656beac-c217-497e-8d27-0894323030e1",
        "LOG_PATH": "/common-storages/prod/re-origination/log/"
      }
    }
  ]
}
