{
  "envs": [
    "test",
    "ts1",
    "ts2",
    "stg",
    "prod"
  ],
  "configs" : [
    {
      "env" : "test",
      "templateParams" :
      {
        "DOCKER_IMAGE" : "docker.repo1.uhc.com/pe/swagger-service",
        "DOCKER_IMAGE_TAG" : "latest",
        "ENV" : "test",
        "ENV_VAR" : "test",
        "JAVA_OPTS" : "-Xms512m -Xmx2048m -XX:MaxMetaspaceSize=128m -XX:CompressedClassSpaceSize=128m -XX:MaxDirectMemorySize=1024m -Djdk.nio.maxCachedBufferSize=262144",
        "PROJECT_NAME": "payment-engine-ctc",
        "VOLUME_NAME" : "common-storages",
        "APPLICATION_NAME" : "pe-swagger-service",
        "PORT" : 8761,
        "CPU_DEFAULT": "125m",
        "CPU_MAX": "1000m",
        "MEMORY_DEFAULT": "1Gi",
        "MEMORY_MAX": "3Gi",
        "LOG_MOUNT" : "/common-storages",
        "PROTOCOL" : "tcp",
        "OPENSHIFT_URL" : "https://ocp-ctc-core-nonprod.optum.com",
        "OPENSHIFT_CRENDENTIAL" : "OSO_CTC_NONPROD",
        "DATA_CENTER" : "alpha1",
        "REPLICAS_COUNT" : "1",
        "TZ" : "America/Chicago",
        "SPRING_PROFILES_ACTIVE" : "test"
      }
    },
    {
      "env" : "ts1",
      "templateParams" :
      {
        "DOCKER_IMAGE" : "docker.repo1.uhc.com/pe/swagger-service-ts1",
        "DOCKER_IMAGE_TAG" : "latest",
        "ENV" : "ts1",
        "ENV_VAR" : "ts1",
        "JAVA_OPTS" : "-Xms512m -Xmx2048m -XX:MaxMetaspaceSize=128m -XX:CompressedClassSpaceSize=128m -XX:MaxDirectMemorySize=1024m -Djdk.nio.maxCachedBufferSize=262144",
        "PROJECT_NAME": "payment-engine-ctc",
        "VOLUME_NAME" : "common-storages",
        "APPLICATION_NAME" : "pe-swagger-service",
        "PORT" : 8080,
        "CPU_DEFAULT": "125m",
        "CPU_MAX": "1000m",
        "MEMORY_DEFAULT": "1Gi",
        "MEMORY_MAX": "3Gi",
        "LOG_MOUNT" : "/common-storages",
        "PROTOCOL" : "tcp",
        "OPENSHIFT_URL" : "https://ocp-ctc-core-nonprod.optum.com",
        "OPENSHIFT_CRENDENTIAL" : "OSO_CTC_NONPROD",
        "DATA_CENTER" : "alpha1",
        "REPLICAS_COUNT" : "1",
        "TZ" : "America/Chicago",
        "SPRING_PROFILES_ACTIVE" : "ts1"
      }
    },
    {
      "env" : "ts2",
      "templateParams" :
      {
        "DOCKER_IMAGE" : "docker.repo1.uhc.com/pe/swagger-service-ts2",
        "DOCKER_IMAGE_TAG" : "latest",
        "ENV" : "ts2",
        "ENV_VAR" : "ts2",
        "JAVA_OPTS" : "-Xms512m -Xmx2048m -XX:MaxMetaspaceSize=128m -XX:CompressedClassSpaceSize=128m -XX:MaxDirectMemorySize=1024m -Djdk.nio.maxCachedBufferSize=262144",
        "PROJECT_NAME": "payment-engine-ctc",
        "VOLUME_NAME" : "common-storages",
        "APPLICATION_NAME" : "pe-swagger-service",
        "PORT" : 8080,
        "CPU_DEFAULT": "125m",
        "CPU_MAX": "1000m",
        "MEMORY_DEFAULT": "1Gi",
        "MEMORY_MAX": "3Gi",
        "LOG_MOUNT" : "/common-storages",
        "PROTOCOL" : "tcp",
        "OPENSHIFT_URL" : "https://ocp-ctc-core-nonprod.optum.com",
        "OPENSHIFT_CRENDENTIAL" : "OSO_CTC_NONPROD",
        "DATA_CENTER" : "alpha1",
        "REPLICAS_COUNT" : "1",
        "TZ" : "America/Chicago",
        "SPRING_PROFILES_ACTIVE" : "ts2"
      }
    },
    {
      "env" : "stg",
      "templateParams" :
      {
        "DOCKER_IMAGE" : "docker.repo1.uhc.com/pe/swagger-service-stg",
        "DOCKER_IMAGE_TAG" : "latest",
        "ENV" : "stg",
        "ENV_VAR" : "stg",
        "JAVA_OPTS" : "-Xms512m -Xmx2048m -XX:MaxMetaspaceSize=128m -XX:CompressedClassSpaceSize=128m -XX:MaxDirectMemorySize=1024m -Djdk.nio.maxCachedBufferSize=262144",
        "PROJECT_NAME": "payment-engine-stg2-ctc",
        "VOLUME_NAME" : "common-storages",
        "APPLICATION_NAME" : "pe-swagger-service",
        "PORT" : 8080,
        "CPU_DEFAULT": "125m",
        "CPU_MAX": "1000m",
        "MEMORY_DEFAULT": "1Gi",
        "MEMORY_MAX": "3Gi",
        "LOG_MOUNT" : "/common-storages",
        "PROTOCOL" : "tcp",
        "OPENSHIFT_URL" : "https://origin-ctc-core.optum.com",
        "OPENSHIFT_CRENDENTIAL" : "Openshift_PE_Core_Nonprod",
        "DATA_CENTER" : "alpha1",
        "REPLICAS_COUNT" : "1",
        "TZ" : "America/Chicago",
        "SPRING_PROFILES_ACTIVE" : "stg"

      }
    },
    {
      "env" : "prod",
      "templateParams" :
      {
        "DOCKER_IMAGE" : "docker.repo1.uhc.com/pe/swagger-service-prod",
        "DOCKER_IMAGE_TAG" : "latest",
        "ENV" : "prod",
        "ENV_VAR" : "prod",
        "JAVA_OPTS" : "-Xms512m -Xmx2048m -XX:MaxMetaspaceSize=128m -XX:CompressedClassSpaceSize=128m -XX:MaxDirectMemorySize=1024m -Djdk.nio.maxCachedBufferSize=262144",
        "PROJECT_NAME": "payment-engine-ctc",
        "VOLUME_NAME" : "common-storages",
        "APPLICATION_NAME" : "pe-swagger-service",
        "PORT" : 8080,
        "CPU_DEFAULT": "125m",
        "CPU_MAX": "1000m",
        "MEMORY_DEFAULT": "1Gi",
        "MEMORY_MAX": "3Gi",
        "LOG_MOUNT" : "/common-storages",
        "PROTOCOL" : "tcp",
        "OPENSHIFT_URL" : "https://ocp-ctc-core-nonprod.optum.com",
        "OPENSHIFT_CRENDENTIAL" : "OSO_CTC_NONPROD",
        "DATA_CENTER" : "alpha1",
        "REPLICAS_COUNT" : "1",
        "TZ" : "America/Chicago",
        "SPRING_PROFILES_ACTIVE" : "prod"
      }
    }
  ]
}
