{
  "envs": [
    "dev",
    "ts1",
    "ts2",
    "ts3",
    "ts4",
    "stg",
    "stg2",
    "bfx",
    "prod"
  ],
  "configs": [
    {
      "env": "dev",
      "templateParams": {
        "DOCKER_IMAGE": "docker.repo1.uhc.com/pe/pe-nice-preproc-dev",
        "DOCKER_IMAGE_TAG": "latest",
        "ENV": "dev",
        "ENV_VAR": "dev",
        "JAVA_OPTS": "-Xms512m -Xmx2048m -XX:MaxMetaspaceSize=128m -XX:CompressedClassSpaceSize=128m -XX:MaxDirectMemorySize=1024m -Djdk.nio.maxCachedBufferSize=262144",
        "PROJECT_NAME": "payment-engine-ctc",
        "VOLUME_NAME": "common-storages",
        "APPLICATION_NAME": "pe-nice-preproc",
        "PORT": 8080,
        "CPU_DEFAULT": "125m",
        "CPU_MAX": "1000m",
        "MEMORY_DEFAULT": "1Gi",
        "MEMORY_MAX": "3Gi",
        "LOG_MOUNT": "/common-storages",
        "PROTOCOL": "tcp",
        "OPENSHIFT_URL": "https://ocp-ctc-core-nonprod.optum.com",
        "OPENSHIFT_CRENDENTIAL": "OSO_CTC_NONPROD",
        "DATA_CENTER": "alpha1",
        "REPLICAS_COUNT": "1",
        "TZ": "America/Chicago",
        "SPRING_PROFILES_ACTIVE": "dev",
        "SPLUNK_URL": "https://npe-dmz-hec-splunk.optum.com",
        "SPLUNK_TOKEN": "e8e3a7c8-d29c-4974-8af8-19c0501c3938",
        "LOG_PATH": "/common-storages/dev/nice/preproc/log/"
      }
    },
    {
      "env": "ts1",
      "templateParams": {
        "DOCKER_IMAGE": "docker.repo1.uhc.com/pe/pe-nice-preproc-ts1",
        "DOCKER_IMAGE_TAG": "latest",
        "ENV": "ts1",
        "ENV_VAR": "ts1",
        "JAVA_OPTS": "-Xms512m -Xmx4096m -XX:MaxMetaspaceSize=128m -XX:CompressedClassSpaceSize=128m -XX:MaxDirectMemorySize=1024m -Djdk.nio.maxCachedBufferSize=262144",
        "PROJECT_NAME": "payment-engine-ctc",
        "VOLUME_NAME": "common-storages",
        "APPLICATION_NAME": "pe-nice-preproc",
        "PORT": 8080,
        "CPU_DEFAULT": "125m",
        "CPU_MAX": "1000m",
        "MEMORY_DEFAULT": "1Gi",
        "MEMORY_MAX": "6Gi",
        "LOG_MOUNT": "/common-storages",
        "PROTOCOL": "tcp",
        "OPENSHIFT_URL": "https://ocp-ctc-core-nonprod.optum.com",
        "OPENSHIFT_CRENDENTIAL": "OSO_CTC_NONPROD",
        "DATA_CENTER": "alpha1",
        "REPLICAS_COUNT": "1",
        "TZ": "America/Chicago",
        "SPRING_PROFILES_ACTIVE": "ts1",
        "SPLUNK_URL": "https://npe-dmz-hec-splunk.optum.com",
        "SPLUNK_TOKEN": "e8e3a7c8-d29c-4974-8af8-19c0501c3938",
        "LOG_PATH": "/common-storages/ts1/nice/preproc/log/"
      }
    },
    {
      "env": "ts2",
      "templateParams": {
        "DOCKER_IMAGE": "docker.repo1.uhc.com/pe/pe-nice-preproc-ts2",
        "DOCKER_IMAGE_TAG": "latest",
        "ENV": "ts2",
        "ENV_VAR": "ts2",
        "JAVA_OPTS": "-Xms512m -Xmx4096m -XX:MaxMetaspaceSize=128m -XX:CompressedClassSpaceSize=128m -XX:MaxDirectMemorySize=1024m -Djdk.nio.maxCachedBufferSize=262144",
        "PROJECT_NAME": "payment-engine-ctc",
        "VOLUME_NAME": "common-storages",
        "APPLICATION_NAME": "pe-nice-preproc",
        "PORT": 8080,
        "CPU_DEFAULT": "125m",
        "CPU_MAX": "1000m",
        "MEMORY_DEFAULT": "1Gi",
        "MEMORY_MAX": "6Gi",
        "LOG_MOUNT": "/common-storages",
        "PROTOCOL": "tcp",
        "OPENSHIFT_URL": "https://ocp-ctc-core-nonprod.optum.com",
        "OPENSHIFT_CRENDENTIAL": "OSO_CTC_NONPROD",
        "DATA_CENTER": "alpha1",
        "REPLICAS_COUNT": "1",
        "TZ": "America/Chicago",
        "SPRING_PROFILES_ACTIVE": "ts2",
        "SPLUNK_URL": "https://npe-dmz-hec-splunk.optum.com",
        "SPLUNK_TOKEN": "e8e3a7c8-d29c-4974-8af8-19c0501c3938",
        "LOG_PATH": "/common-storages/ts2/nice/preproc/log/"
      }
    },
    {
      "env": "ts3",
      "templateParams": {
        "DOCKER_IMAGE": "docker.repo1.uhc.com/pe/pe-nice-preproc-ts3",
        "DOCKER_IMAGE_TAG": "latest",
        "ENV": "ts3",
        "ENV_VAR": "ts3",
        "JAVA_OPTS": "-Xms512m -Xmx4096m -XX:MaxMetaspaceSize=128m -XX:CompressedClassSpaceSize=128m -XX:MaxDirectMemorySize=1024m -Djdk.nio.maxCachedBufferSize=262144",
        "PROJECT_NAME": "payment-engine-test1-ctc",
        "VOLUME_NAME": "common-storages",
        "APPLICATION_NAME": "pe-nice-preproc",
        "PORT": 8080,
        "CPU_DEFAULT": "125m",
        "CPU_MAX": "1000m",
        "MEMORY_DEFAULT": "1Gi",
        "MEMORY_MAX": "6Gi",
        "LOG_MOUNT": "/common-storages",
        "PROTOCOL": "tcp",
        "OPENSHIFT_URL": "https://ocp-ctc-core-nonprod.optum.com",
        "OPENSHIFT_CRENDENTIAL": "OSO_CTC_NONPROD",
        "DATA_CENTER": "alpha1",
        "REPLICAS_COUNT": "1",
        "TZ": "America/Chicago",
        "SPRING_PROFILES_ACTIVE": "ts3",
        "SPLUNK_URL": "https://npe-dmz-hec-splunk.optum.com",
        "SPLUNK_TOKEN": "e8e3a7c8-d29c-4974-8af8-19c0501c3938",
        "LOG_PATH": "/common-storages/ts3/nice/preproc/log/"
      }
    },
    {
      "env": "ts4",
      "templateParams": {
        "DOCKER_IMAGE": "docker.repo1.uhc.com/pe/pe-nice-preproc-ts4",
        "DOCKER_IMAGE_TAG": "latest",
        "ENV": "ts4",
        "ENV_VAR": "ts4",
        "JAVA_OPTS": "-Xms512m -Xmx4096m -XX:MaxMetaspaceSize=128m -XX:CompressedClassSpaceSize=128m -XX:MaxDirectMemorySize=1024m -Djdk.nio.maxCachedBufferSize=262144",
        "PROJECT_NAME": "payment-engine-test1-ctc",
        "VOLUME_NAME": "common-storages",
        "APPLICATION_NAME": "pe-nice-preproc",
        "PORT": 8080,
        "CPU_DEFAULT": "125m",
        "CPU_MAX": "1000m",
        "MEMORY_DEFAULT": "1Gi",
        "MEMORY_MAX": "6Gi",
        "LOG_MOUNT": "/common-storages",
        "PROTOCOL": "tcp",
        "OPENSHIFT_URL": "https://ocp-ctc-core-nonprod.optum.com",
        "OPENSHIFT_CRENDENTIAL": "OSO_CTC_NONPROD",
        "DATA_CENTER": "alpha1",
        "REPLICAS_COUNT": "1",
        "TZ": "America/Chicago",
        "SPRING_PROFILES_ACTIVE": "ts4",
        "SPLUNK_URL": "https://npe-dmz-hec-splunk.optum.com",
        "SPLUNK_TOKEN": "e8e3a7c8-d29c-4974-8af8-19c0501c3938",
        "LOG_PATH": "/common-storages/ts4/nice/preproc/log/"
      }
    },
    {
      "env": "stg",
      "templateParams": {
        "DOCKER_IMAGE": "docker.repo1.uhc.com/pe/pe-nice-preproc-stg",
        "DOCKER_IMAGE_TAG": "latest",
        "ENV": "stg",
        "ENV_VAR": "stg",
        "JAVA_OPTS": "-Xms512m -Xmx4096m -XX:MaxMetaspaceSize=128m -XX:CompressedClassSpaceSize=128m -XX:MaxDirectMemorySize=1024m -Djdk.nio.maxCachedBufferSize=262144",
        "PROJECT_NAME": "payment-engine-stg2-ctc",
        "VOLUME_NAME": "common-storages",
        "APPLICATION_NAME": "pe-nice-preproc",
        "PORT": 8080,
        "CPU_DEFAULT": "125m",
        "CPU_MAX": "1000m",
        "MEMORY_DEFAULT": "1Gi",
        "MEMORY_MAX": "6Gi",
        "LOG_MOUNT": "/common-storages",
        "PROTOCOL": "tcp",
        "OPENSHIFT_URL": "https://origin-ctc-core.optum.com",
        "OPENSHIFT_CRENDENTIAL": "Openshift_PE_Core_Nonprod",
        "DATA_CENTER": "alpha1",
        "REPLICAS_COUNT": "1",
        "TZ": "America/Chicago",
        "SPRING_PROFILES_ACTIVE": "stg",
        "SPLUNK_URL": "https://npe-dmz-hec-splunk.optum.com",
        "SPLUNK_TOKEN": "e8e3a7c8-d29c-4974-8af8-19c0501c3938",
        "LOG_PATH": "/common-storages/stg/nice/preproc/log/"
      }
    },
    {
      "env": "stg2",
      "templateParams": {
        "DOCKER_IMAGE": "docker.repo1.uhc.com/pe/pe-nice-preproc-stg2",
        "DOCKER_IMAGE_TAG": "latest",
        "ENV": "stg2",
        "ENV_VAR": "stg2",
        "JAVA_OPTS": "-Xms512m -Xmx4096m -XX:MaxMetaspaceSize=128m -XX:CompressedClassSpaceSize=128m -XX:MaxDirectMemorySize=1024m -Djdk.nio.maxCachedBufferSize=262144",
        "PROJECT_NAME": "payment-engine-stg2-ctc",
        "VOLUME_NAME": "common-storages",
        "APPLICATION_NAME": "pe-nice-preproc",
        "PORT": 8080,
        "CPU_DEFAULT": "60m",
        "CPU_MAX": "1000m",
        "MEMORY_DEFAULT": "1Gi",
        "MEMORY_MAX": "6Gi",
        "LOG_MOUNT": "/common-storages",
        "PROTOCOL": "tcp",
        "OPENSHIFT_URL": "https://ocp-ctc-core-stg.optum.com",
        "OPENSHIFT_CRENDENTIAL": "Openshift_PE_Core_Nonprod",
        "DATA_CENTER": "alpha1",
        "REPLICAS_COUNT": "1",
        "TZ": "America/Chicago",
        "SPRING_PROFILES_ACTIVE": "stg2",
        "SPLUNK_URL": "https://npe-dmz-hec-splunk.optum.com",
        "SPLUNK_TOKEN": "e8e3a7c8-d29c-4974-8af8-19c0501c3938",
        "LOG_PATH": "/common-storages/stg2/nice/preproc/log/"
      }
    },
    {
      "env": "bfx",
      "templateParams": {
        "DOCKER_IMAGE": "docker.repo1.uhc.com/pe/pe-nice-preproc-bfx",
        "DOCKER_IMAGE_TAG": "latest",
        "ENV": "bfx",
        "ENV_VAR": "bfx",
        "JAVA_OPTS": "-Xms512m -Xmx4096m -XX:MaxMetaspaceSize=128m -XX:CompressedClassSpaceSize=128m -XX:MaxDirectMemorySize=1024m -Djdk.nio.maxCachedBufferSize=262144",
        "PROJECT_NAME": "payment-engine-bf-elr",
        "VOLUME_NAME": "common-storages",
        "APPLICATION_NAME": "pe-nice-preproc",
        "PORT": 8080,
        "CPU_DEFAULT": "60m",
        "CPU_MAX": "1000m",
        "MEMORY_DEFAULT": "1Gi",
        "MEMORY_MAX": "5Gi",
        "LOG_MOUNT": "/common-storages",
        "PROTOCOL": "tcp",
        "OPENSHIFT_URL": "https://origin-elr-core-nonprod.optum.com",
        "OPENSHIFT_CRENDENTIAL": "OSO_ELR_NONPROD",
        "DATA_CENTER": "alpha1",
        "REPLICAS_COUNT": "1",
        "TZ": "America/Chicago",
        "SPRING_PROFILES_ACTIVE": "bfx",
        "SPLUNK_URL": "https://npe-dmz-hec-splunk.optum.com",
        "SPLUNK_TOKEN": "e8e3a7c8-d29c-4974-8af8-19c0501c3938",
        "LOG_PATH": "/common-storages/bfx/nice/preproc/log/"
      }
    },
    {
      "env": "prod",
      "templateParams": {
        "DOCKER_IMAGE": "docker.repo1.uhc.com/pe/pe-nice-preproc-prod",
        "DOCKER_IMAGE_TAG": "latest",
        "ENV": "prod",
        "ENV_VAR": "prod",
        "JAVA_OPTS": "-Xms512m -Xmx4096m -XX:MaxMetaspaceSize=128m -XX:CompressedClassSpaceSize=128m -XX:MaxDirectMemorySize=1024m -Djdk.nio.maxCachedBufferSize=262144",
        "PROJECT_NAME": "payment-engine-prod2-elr",
        "VOLUME_NAME": "common-storages",
        "APPLICATION_NAME": "pe-nice-preproc",
        "PORT": 8080,
        "CPU_DEFAULT": "125m",
        "CPU_MAX": "1000m",
        "MEMORY_DEFAULT": "1Gi",
        "MEMORY_MAX": "6Gi",
        "LOG_MOUNT": "/common-storages",
        "PROTOCOL": "tcp",
        "OPENSHIFT_URL": "https://origin-elr-core.optum.com",
        "OPENSHIFT_CRENDENTIAL": "OSO_CTC_NONPROD",
        "DATA_CENTER": "alpha1",
        "REPLICAS_COUNT": "1",
        "TZ": "America/Chicago",
        "SPRING_PROFILES_ACTIVE": "prod",
        "SPLUNK_URL": "https://phi-dmz-hec-splunk.optum.com",
        "SPLUNK_TOKEN": "2656beac-c217-497e-8d27-0894323030e1",
        "LOG_PATH": "/common-storages/prod/nice/preproc/log/"
      }
    }
  ]
}
