<?xml version = "1.0" encoding = "UTF-8"?>
<configuration debug="true" scan="true">
    <property name="ENV" value="${environment:-local}"/>
    <property name="host" value="${HOSTNAME:-local}"/>
    <appender name="HTTP" class="com.splunk.logging.HttpEventCollectorLogbackAppender">
        <index>cba_pe</index>
        <url>${SPLUNK_URL}</url>
        <token>${SPLUNK_TOKEN}</token>
        <!--        <url>https://npe-dmz-hec-splunk.optum.com</url>-->
        <!--        <token>e8e3a7c8-d29c-4974-8af8-19c0501c3938</token>-->
        <host>${host}</host>
        <source>pe-services-re-origination-${ENV}</source>
        <sourcetype>PE_SVC_CORE</sourcetype>
        <messageFormat>text</messageFormat>
        <middleware>HttpEventCollectorUnitTestMiddleware</middleware>
        <disableCertificateValidation>true</disableCertificateValidation>
        <layout class="ch.qos.logback.classic.PatternLayout">
            <pattern>%msg</pattern>
        </layout>
    </appender>
    <appender name="STDOUT" class="ch.qos.logback.core.ConsoleAppender">
        <encoder>
            <pattern>[%d{yyyy-MM-dd'T'HH:mm:ss.sss'Z'}] [%C] [%t] [%L] [%-5p] %m%n</pattern>
        </encoder>
    </appender>
    <appender name="FILE" class="ch.qos.logback.core.rolling.RollingFileAppender">
        <rollingPolicy class="ch.qos.logback.core.rolling.SizeAndTimeBasedRollingPolicy">
            <fileNamePattern>${LOG_PATH}pe-services-re-origination-%d{yyyy-MM-dd}.%i.log</fileNamePattern>
            <maxHistory>30</maxHistory>
            <maxFileSize>1GB</maxFileSize>
            <totalSizeCap>10GB</totalSizeCap>
        </rollingPolicy>
        <encoder>
            <pattern>[%d{yyyy-MM-dd'T'HH:mm:ss.sss'Z'}] [%C] [%t] [%L] [%-5p] %m%n</pattern>
        </encoder>
    </appender>
    <logger name="com.optum.pe" level="INFO" additivity="false">
        <appender-ref ref="HTTP"/>
        <appender-ref ref="FILE"/>
        <appender-ref ref="STDOUT"/>
    </logger>
    <root level="ERROR">
        <appender-ref ref="STDOUT"/>
        <appender-ref ref="HTTP"/>
        <appender-ref ref="FILE"/>
    </root>
</configuration>
